{
    "mean": [
        56.894586172896,
        2010.888186261692,
        31.84151493759299,
        89.30133139398694,
        62.4556722731159,
        15.998192464205243
    ],
    "std": [
        32.72772299993704,
        659.5207128846718,
        8.612628996877493,
        17.693945674276897,
        27.568296010730922,
        9.53539550768979
    ]
}